912828V49, 3, 2027
9128282L3, 3, 2027
9128283R9, 3, 2028
912828Y38, 3, 2028
9128285W6, 2, 2029
9128287D6, 2, 2029
912828Z37, 3, 2030
912828ZZ6, 3, 2030
91282CBF7, 3, 2031
91282CCM1, 3, 2031
91282CDX6, 3, 2032
91282CEZ0, 3, 2032
91282CGK1, 4, 2033
91282CHP9, 4, 2033
91282CJY8, 3, 2034
91282CLE9, 3, 2034
91282CML2, 4, 2035
91282CNS6, 4, 2035
91282CPU9, 8, 2036
912810QF8, 2, 2037
91282CPU9, 5, 2037
912810QF8, 2, 2038
91282CPU9, 4, 2038
912810QF8, 4, 2039
91282CPU9, 2, 2039
912810QF8, 6, 2040
912810QP6, 5, 2041
912810QV3, 6, 2042
912810RA8, 6, 2043
912810RF7, 6, 2044
912810RL4, 7, 2045
912810RR1, 6, 2046
912810RW0, 7, 2047
912810SB5, 7, 2048
912810SG4, 7, 2049
912810SM1, 7, 2050
912810SV1, 7, 2051
912810TE8, 8, 2052
912810TP3, 8, 2053
912810TY4, 9, 2054
912810UH9, 10, 2055
912810US5, 10, 2056
